name,total,white,hispanic,median_household_income
"Census Tract 300, Broomfield County, Colorado",3402,2371,551,69096
"Census Tract 301, Broomfield County, Colorado",2261,1667,366,85195
"Census Tract 302, Broomfield County, Colorado",2134,1457,405,79931
"Census Tract 303, Broomfield County, Colorado",3759,2752,579,63625
"Census Tract 304, Broomfield County, Colorado",3807,3109,353,118676
"Census Tract 305, Broomfield County, Colorado",5794,4262,526,150667
"Census Tract 306, Broomfield County, Colorado",6745,4008,2096,94099
"Census Tract 307, Broomfield County, Colorado",3120,2252,458,102639
"Census Tract 308, Broomfield County, Colorado",5777,3978,983,115170
"Census Tract 309, Broomfield County, Colorado",5964,4789,444,126014
"Census Tract 310, Broomfield County, Colorado",5886,4188,604,109507
"Census Tract 311.01, Broomfield County, Colorado",3219,2249,414,66658
"Census Tract 311.02, Broomfield County, Colorado",2008,1420,201,76496
"Census Tract 311.03, Broomfield County, Colorado",1983,1643,175,105350
"Census Tract 311.04, Broomfield County, Colorado",1505,1037,202,82407
"Census Tract 312.01, Broomfield County, Colorado",2576,1873,314,67476
"Census Tract 312.02, Broomfield County, Colorado",2762,2000,393,91398
"Census Tract 313, Broomfield County, Colorado",2578,2116,159,181313
"Census Tract 314.01, Broomfield County, Colorado",2199,2106,28,91389
"Census Tract 314.02, Broomfield County, Colorado",2016,1237,258,160417
"Census Tract 314.03, Broomfield County, Colorado",4617,3390,410,188003
"Census Tract 108.01, Jefferson County, Colorado",2512,2073,259,111156
"Census Tract 106.04, Jefferson County, Colorado",2497,1586,673,71490
"Census Tract 107.01, Jefferson County, Colorado",4159,3037,794,55000
"Census Tract 107.02, Jefferson County, Colorado",5187,2735,1973,57479
"Census Tract 109.01, Jefferson County, Colorado",5207,3910,712,83448
"Census Tract 109.02, Jefferson County, Colorado",3165,1925,780,54612
"Census Tract 110, Jefferson County, Colorado",5707,3915,1201,61939
"Census Tract 111.01, Jefferson County, Colorado",3380,2202,763,77979
"Census Tract 111.02, Jefferson County, Colorado",3242,1565,1250,42155
"Census Tract 112.02, Jefferson County, Colorado",5424,4070,940,82500
"Census Tract 113, Jefferson County, Colorado",3011,2135,639,72986
"Census Tract 114.01, Jefferson County, Colorado",2753,1297,1133,48024
"Census Tract 114.02, Jefferson County, Colorado",3906,2109,1349,48160
"Census Tract 115.51, Jefferson County, Colorado",4054,2335,1245,56250
"Census Tract 115.52, Jefferson County, Colorado",2962,1436,1146,32297
"Census Tract 116.01, Jefferson County, Colorado",3728,1623,1797,74934
"Census Tract 116.02, Jefferson County, Colorado",4245,1972,1871,56645
"Census Tract 117.01, Jefferson County, Colorado",4653,3299,946,81125
"Census Tract 117.02, Jefferson County, Colorado",5730,3759,1337,85450
"Census Tract 117.08, Jefferson County, Colorado",4199,3151,666,80169
"Census Tract 117.09, Jefferson County, Colorado",3449,2436,685,66997
"Census Tract 117.10, Jefferson County, Colorado",4113,2928,749,68902
"Census Tract 117.11, Jefferson County, Colorado",4281,3136,683,78846
"Census Tract 117.12, Jefferson County, Colorado",4188,3417,427,100313
"Census Tract 117.20, Jefferson County, Colorado",5147,4187,433,122240
"Census Tract 117.21, Jefferson County, Colorado",2719,2242,197,101950
"Census Tract 117.23, Jefferson County, Colorado",3310,2395,551,68519
"Census Tract 117.24, Jefferson County, Colorado",7559,6181,614,169702
"Census Tract 117.25, Jefferson County, Colorado",1740,1473,141,110179
"Census Tract 117.26, Jefferson County, Colorado",5767,4576,549,98988
"Census Tract 117.27, Jefferson County, Colorado",3735,2826,581,91425
"Census Tract 117.28, Jefferson County, Colorado",2713,2025,395,91029
"Census Tract 117.29, Jefferson County, Colorado",3815,2575,843,66792
"Census Tract 117.30, Jefferson County, Colorado",3706,2458,893,59871
"Census Tract 117.31, Jefferson County, Colorado",4364,3238,598,81528
"Census Tract 117.32, Jefferson County, Colorado",4466,3091,820,58720
"Census Tract 117.33, Jefferson County, Colorado",2339,1642,401,62946
"Census Tract 118.03, Jefferson County, Colorado",5275,2386,2184,72681
"Census Tract 118.04, Jefferson County, Colorado",4111,2194,1366,77102
"Census Tract 118.06, Jefferson County, Colorado",5320,2467,2251,45771
"Census Tract 118.07, Jefferson County, Colorado",2558,1654,548,63971
"Census Tract 118.08, Jefferson County, Colorado",2682,1481,875,63869
"Census Tract 119.04, Jefferson County, Colorado",3126,2027,733,59522
"Census Tract 119.51, Jefferson County, Colorado",4472,2661,1122,74417
"Census Tract 120.22, Jefferson County, Colorado",5540,4547,523,127658
"Census Tract 120.27, Jefferson County, Colorado",3114,2783,152,122500
"Census Tract 120.23, Jefferson County, Colorado",3453,2664,364,103125
"Census Tract 120.24, Jefferson County, Colorado",5750,4752,528,114926
"Census Tract 120.26, Jefferson County, Colorado",3495,3132,156,109688
"Census Tract 120.30, Jefferson County, Colorado",3842,3407,167,114479
"Census Tract 120.31, Jefferson County, Colorado",3779,3339,185,126719
"Census Tract 120.32, Jefferson County, Colorado",2647,2372,122,126250
"Census Tract 120.33, Jefferson County, Colorado",2821,2510,138,118333
"Census Tract 120.34, Jefferson County, Colorado",3999,3561,161,173393
"Census Tract 120.35, Jefferson County, Colorado",5161,4514,241,162474
"Census Tract 120.36, Jefferson County, Colorado",3729,3223,221,143155
"Census Tract 120.37, Jefferson County, Colorado",3466,3071,195,107188
"Census Tract 120.38, Jefferson County, Colorado",3605,2752,552,94375
"Census Tract 120.39, Jefferson County, Colorado",5272,4062,725,92359
"Census Tract 120.41, Jefferson County, Colorado",5682,4121,791,91038
"Census Tract 120.42, Jefferson County, Colorado",3935,3002,476,106250
"Census Tract 120.43, Jefferson County, Colorado",5878,4635,727,101587
"Census Tract 120.44, Jefferson County, Colorado",4057,3077,520,108098
"Census Tract 120.45, Jefferson County, Colorado",6017,4693,706,119853
"Census Tract 120.46, Jefferson County, Colorado",2327,1738,377,101912
"Census Tract 120.47, Jefferson County, Colorado",4180,3063,713,97857
"Census Tract 120.48, Jefferson County, Colorado",2479,1975,310,78011
"Census Tract 120.49, Jefferson County, Colorado",3840,3070,378,120714
"Census Tract 120.50, Jefferson County, Colorado",4127,3040,442,88424
"Census Tract 120.51, Jefferson County, Colorado",3616,3103,275,114844
"Census Tract 120.52, Jefferson County, Colorado",5558,4316,728,98287
"Census Tract 120.53, Jefferson County, Colorado",3877,3087,451,104558
"Census Tract 120.54, Jefferson County, Colorado",4139,3364,417,138750
"Census Tract 120.55, Jefferson County, Colorado",3877,3130,440,102473
"Census Tract 120.57, Jefferson County, Colorado",5783,4616,655,82310
"Census Tract 120.58, Jefferson County, Colorado",3955,3480,186,104669
"Census Tract 120.59, Jefferson County, Colorado",3428,2730,417,96250
"Census Tract 120.60, Jefferson County, Colorado",3350,2559,433,84387
"Census Tract 158, Jefferson County, Colorado",4384,3192,675,70046
"Census Tract 159, Jefferson County, Colorado",3477,2120,881,63663
"Census Tract 603, Jefferson County, Colorado",4512,3162,593,100547
"Census Tract 604, Jefferson County, Colorado",5420,3816,891,95361
"Census Tract 605.01, Jefferson County, Colorado",10399,8234,1070,137467
"Census Tract 45.04, Denver County, Colorado",3881,596,3022,51083
"Census Tract 45.05, Denver County, Colorado",4549,516,3593,34000
"Census Tract 45.06, Denver County, Colorado",3610,490,2477,33958
"Census Tract 46.01, Denver County, Colorado",5666,1573,3632,69877
"Census Tract 46.02, Denver County, Colorado",6688,1358,4601,41911
"Census Tract 46.03, Denver County, Colorado",5324,1889,2951,63772
"Census Tract 47, Denver County, Colorado",6172,2134,3420,74831
"Census Tract 48.01, Denver County, Colorado",3077,1321,1438,82716
"Census Tract 50.01, Denver County, Colorado",2869,1820,451,80893
"Census Tract 50.03, Denver County, Colorado",2744,1640,387,49192
"Census Tract 50.04, Denver County, Colorado",4687,2443,791,45823
"Census Tract 51.02, Denver County, Colorado",3506,2570,526,102875
"Census Tract 51.04, Denver County, Colorado",3470,2039,666,55287
"Census Tract 52, Denver County, Colorado",3338,2452,421,90278
"Census Tract 53, Denver County, Colorado",1859,1378,208,61471
"Census Tract 55.02, Denver County, Colorado",1868,899,657,79545
"Census Tract 55.03, Denver County, Colorado",5071,2973,1516,90625
"Census Tract 67.01, Denver County, Colorado",4282,3092,485,86786
"Census Tract 68.13, Denver County, Colorado",4550,2161,815,52894
"Census Tract 68.04, Denver County, Colorado",3776,2847,359,92568
"Census Tract 68.10, Denver County, Colorado",5928,3396,893,56991
"Census Tract 68.12, Denver County, Colorado",3932,2992,404,68452
"Census Tract 68.14, Denver County, Colorado",5409,2608,1713,59151
"Census Tract 68.15, Denver County, Colorado",2017,1581,133,109583
"Census Tract 68.16, Denver County, Colorado",5511,3700,756,53610
"Census Tract 68.17, Denver County, Colorado",2048,1497,227,120987
"Census Tract 68.18, Denver County, Colorado",4221,2608,746,59616
"Census Tract 69.02, Denver County, Colorado",3638,1939,833,52288
"Census Tract 69.03, Denver County, Colorado",2475,1494,472,63088
"Census Tract 70.06, Denver County, Colorado",4431,1216,1419,47302
"Census Tract 70.13, Denver County, Colorado",3730,2498,490,75369
"Census Tract 70.37, Denver County, Colorado",4128,1180,1402,44610
"Census Tract 70.88, Denver County, Colorado",4921,2469,1094,54879
"Census Tract 70.90, Denver County, Colorado",1542,585,186,42563
"Census Tract 70.91, Denver County, Colorado",3497,2782,214,33398
"Census Tract 83.04, Denver County, Colorado",3846,302,2580,64375
"Census Tract 83.05, Denver County, Colorado",4253,316,3123,61773
"Census Tract 83.06, Denver County, Colorado",6005,458,3574,48135
"Census Tract 83.12, Denver County, Colorado",8133,639,4889,59914
"Census Tract 83.86, Denver County, Colorado",4664,318,3304,68155
"Census Tract 83.87, Denver County, Colorado",6220,430,4216,85588
"Census Tract 83.88, Denver County, Colorado",14773,3207,6766,76128
"Census Tract 83.89, Denver County, Colorado",13336,2740,5032,87159
"Census Tract 83.90, Denver County, Colorado",9000,1404,3684,76571
"Census Tract 83.91, Denver County, Colorado",7855,1224,3416,78595
"Census Tract 119.02, Denver County, Colorado",6682,3151,2779,45750
"Census Tract 119.03, Denver County, Colorado",2304,1305,745,81071
"Census Tract 120.01, Denver County, Colorado",2047,1428,447,76902
"Census Tract 120.10, Denver County, Colorado",5121,3699,755,73975
"Census Tract 120.15, Denver County, Colorado",4014,2644,874,70127
"Census Tract 120.16, Denver County, Colorado",2659,1822,543,61707
"Census Tract 153, Denver County, Colorado",3697,2469,556,54147
"Census Tract 154, Denver County, Colorado",4487,2914,1156,81984
"Census Tract 155, Denver County, Colorado",3399,1998,813,50520
"Census Tract 156, Denver County, Colorado",6618,1131,4414,69000
"Census Tract 157, Denver County, Colorado",5907,2249,2840,68305
"Census Tract 158, Denver County, Colorado",2893,634,847,56981
"Census Tract 9802, Denver County, Colorado",252,184,41,86875
"Census Tract 139.04, Douglas County, Colorado",4198,3103,557,71183
"Census Tract 139.05, Douglas County, Colorado",5468,4164,673,80128
"Census Tract 139.07, Douglas County, Colorado",6177,4787,656,104333
"Census Tract 139.12, Douglas County, Colorado",7399,5993,694,110147
"Census Tract 139.09, Douglas County, Colorado",6407,5447,462,106811
"Census Tract 139.10, Douglas County, Colorado",8222,6571,740,151314
"Census Tract 139.11, Douglas County, Colorado",6693,5485,586,146575
"Census Tract 139.13, Douglas County, Colorado",2660,2193,196,144223
"Census Tract 139.14, Douglas County, Colorado",3757,3293,207,135849
"Census Tract 139.15, Douglas County, Colorado",3177,2736,226,116016
"Census Tract 140.05, Douglas County, Colorado",4761,3642,497,118914
"Census Tract 140.06, Douglas County, Colorado",7394,5637,640,145638
"Census Tract 140.07, Douglas County, Colorado",3425,2073,410,80598
"Census Tract 140.08, Douglas County, Colorado",11741,8397,996,138720
"Census Tract 140.09, Douglas County, Colorado",4741,3311,564,116607
"Census Tract 140.10, Douglas County, Colorado",6009,4359,670,98173
"Census Tract 140.11, Douglas County, Colorado",7059,4947,537,156550
"Census Tract 140.13, Douglas County, Colorado",11075,8976,1027,150470
"Census Tract 140.14, Douglas County, Colorado",4916,3115,584,94659
"Census Tract 140.15, Douglas County, Colorado",4074,2971,622,68797
"Census Tract 140.16, Douglas County, Colorado",5719,4427,578,125000
"Census Tract 140.17, Douglas County, Colorado",3287,2694,293,127000
"Census Tract 141.07, Douglas County, Colorado",3812,3030,326,126270
"Census Tract 141.08, Douglas County, Colorado",4823,3971,397,129844
"Census Tract 141.09, Douglas County, Colorado",2920,2525,164,146042
"Census Tract 141.10, Douglas County, Colorado",5341,4020,579,82589
"Census Tract 141.12, Douglas County, Colorado",3811,3095,292,130417
"Census Tract 141.13, Douglas County, Colorado",2953,2188,287,121857
"Census Tract 141.14, Douglas County, Colorado",3370,2529,476,91500
"Census Tract 141.15, Douglas County, Colorado",4075,3187,323,128266
"Census Tract 141.16, Douglas County, Colorado",6184,3969,632,88561
"Census Tract 141.23, Douglas County, Colorado",4012,3042,563,112878
"Census Tract 141.24, Douglas County, Colorado",5276,4156,562,133732
"Census Tract 141.25, Douglas County, Colorado",5998,4548,562,110817
"Census Tract 141.26, Douglas County, Colorado",1887,1314,170,98426
"Census Tract 141.27, Douglas County, Colorado",5437,4555,370,174643
"Census Tract 141.28, Douglas County, Colorado",4581,3617,449,126875
"Census Tract 141.29, Douglas County, Colorado",3604,2892,303,132031
"Census Tract 141.30, Douglas County, Colorado",7352,5807,715,131162
"Census Tract 141.31, Douglas County, Colorado",6142,5016,489,81891
"Census Tract 141.32, Douglas County, Colorado",6161,4868,421,172794
"Census Tract 141.33, Douglas County, Colorado",6300,5056,515,132500
"Census Tract 141.34, Douglas County, Colorado",5849,4392,496,163196
"Census Tract 141.35, Douglas County, Colorado",5818,4786,383,178854
"Census Tract 141.38, Douglas County, Colorado",2961,1941,294,99107
"Census Tract 141.39, Douglas County, Colorado",4142,3220,354,126618
"Census Tract 141.40, Douglas County, Colorado",5433,4234,382,155893
"Census Tract 141.41, Douglas County, Colorado",5447,4547,368,184688
"Census Tract 95.53, Adams County, Colorado",3528,1323,1851,75985
"Census Tract 96.03, Adams County, Colorado",6246,3206,2333,46013
"Census Tract 96.04, Adams County, Colorado",4724,2258,1911,56071
"Census Tract 96.06, Adams County, Colorado",3442,959,2170,48140
"Census Tract 96.07, Adams County, Colorado",4884,2105,1965,47381
"Census Tract 96.08, Adams County, Colorado",2892,1601,905,75787
"Census Tract 97.51, Adams County, Colorado",4048,1477,2260,58487
"Census Tract 97.52, Adams County, Colorado",3014,982,1817,75833
"Census Tract 150, Adams County, Colorado",3112,1126,1730,40596
"Census Tract 600.01, Adams County, Colorado",2581,1829,403,76943
"Census Tract 600.02, Adams County, Colorado",4287,2963,635,141875
"Census Tract 601, Adams County, Colorado",7318,4545,1770,89324
"Census Tract 602, Adams County, Colorado",5227,3435,1091,57481
"Census Tract 612, Adams County, Colorado",3819,2529,720,138042
"Census Tract 49.51, Arapahoe County, Colorado",1599,939,374,52806
"Census Tract 49.52, Arapahoe County, Colorado",3014,1851,750,66434
"Census Tract 55.51, Arapahoe County, Colorado",3171,1128,1554,57438
"Census Tract 55.52, Arapahoe County, Colorado",2782,1310,1074,33657
"Census Tract 141.45, Douglas County, Colorado",3684,2633,464,85504
"Census Tract 141.42, Douglas County, Colorado",1884,1680,73,216129
"Census Tract 141.43, Douglas County, Colorado",3153,2382,200,185568
"Census Tract 141.44, Douglas County, Colorado",6089,4315,446,158202
"Census Tract 141.46, Douglas County, Colorado",4896,3467,662,125852
"Census Tract 142.03, Douglas County, Colorado",6556,5455,559,144367
"Census Tract 142.05, Douglas County, Colorado",2913,2390,251,136667
"Census Tract 142.06, Douglas County, Colorado",788,662,62,124500
"Census Tract 142.07, Douglas County, Colorado",1794,1390,218,133750
"Census Tract 142.08, Douglas County, Colorado",1509,1186,178,115250
"Census Tract 143, Douglas County, Colorado",781,692,32,68125
"Census Tract 144.04, Douglas County, Colorado",2669,2315,154,139044
"Census Tract 144.05, Douglas County, Colorado",7923,6363,887,131944
"Census Tract 144.07, Douglas County, Colorado",3595,2834,499,91250
"Census Tract 144.08, Douglas County, Colorado",2553,2226,161,141800
"Census Tract 144.09, Douglas County, Colorado",3918,3229,301,162538
"Census Tract 144.10, Douglas County, Colorado",12675,9985,1346,122238
"Census Tract 145.03, Douglas County, Colorado",6166,4814,718,79690
"Census Tract 145.04, Douglas County, Colorado",5656,4305,876,65129
"Census Tract 145.05, Douglas County, Colorado",5630,4497,601,96856
"Census Tract 145.06, Douglas County, Colorado",6865,5631,664,146437
"Census Tract 146.02, Douglas County, Colorado",2616,2307,149,121591
"Census Tract 146.03, Douglas County, Colorado",7165,5567,903,106146
"Census Tract 146.04, Douglas County, Colorado",4452,3619,419,120903
"Census Tract 56.14, Arapahoe County, Colorado",3215,2696,257,72778
"Census Tract 55.53, Arapahoe County, Colorado",3909,2084,1353,71094
"Census Tract 56.11, Arapahoe County, Colorado",5012,4111,480,101563
"Census Tract 56.12, Arapahoe County, Colorado",3661,2710,639,90179
"Census Tract 56.19, Arapahoe County, Colorado",4700,3572,706,101250
"Census Tract 56.20, Arapahoe County, Colorado",2613,2062,363,64485
"Census Tract 56.21, Arapahoe County, Colorado",3026,2625,218,127841
"Census Tract 56.22, Arapahoe County, Colorado",3491,2914,322,138333
"Census Tract 56.23, Arapahoe County, Colorado",4066,3489,267,105156
"Census Tract 56.24, Arapahoe County, Colorado",2203,1835,184,131875
"Census Tract 56.25, Arapahoe County, Colorado",4079,3114,532,97181
"Census Tract 56.26, Arapahoe County, Colorado",3546,2792,354,70875
"Census Tract 56.27, Arapahoe County, Colorado",4613,4030,290,112308
"Census Tract 56.28, Arapahoe County, Colorado",5837,4723,575,109569
"Census Tract 56.29, Arapahoe County, Colorado",2308,2042,82,166667
"Census Tract 56.30, Arapahoe County, Colorado",5314,4417,423,100469
"Census Tract 56.31, Arapahoe County, Colorado",3182,2647,246,116750
"Census Tract 56.32, Arapahoe County, Colorado",3311,2642,295,122386
"Census Tract 56.33, Arapahoe County, Colorado",3120,2630,215,106563
"Census Tract 56.34, Arapahoe County, Colorado",3061,2704,181,68750
"Census Tract 56.35, Arapahoe County, Colorado",4824,4149,328,106250
"Census Tract 56.36, Arapahoe County, Colorado",1873,1611,104,250001
"Census Tract 57.01, Arapahoe County, Colorado",1739,1118,436,60313
"Census Tract 57.02, Arapahoe County, Colorado",2619,1573,769,69792
"Census Tract 58, Arapahoe County, Colorado",2591,2132,251,121618
"Census Tract 59.51, Arapahoe County, Colorado",4362,3247,591,38132
"Census Tract 59.52, Arapahoe County, Colorado",3848,2805,528,77955
"Census Tract 60, Arapahoe County, Colorado",2708,1974,456,75724
"Census Tract 61, Arapahoe County, Colorado",3308,2368,533,60150
"Census Tract 62, Arapahoe County, Colorado",3096,2322,465,70333
"Census Tract 63, Arapahoe County, Colorado",2655,2024,373,81833
"Census Tract 64, Arapahoe County, Colorado",2995,2003,656,51923
"Census Tract 65.01, Arapahoe County, Colorado",2133,1620,302,55655
"Census Tract 65.02, Arapahoe County, Colorado",3302,2636,405,63598
"Census Tract 66.01, Arapahoe County, Colorado",5531,3227,1638,41958
"Census Tract 66.03, Arapahoe County, Colorado",3200,2627,308,76182
"Census Tract 66.04, Arapahoe County, Colorado",3766,2584,795,53875
"Census Tract 67.04, Arapahoe County, Colorado",4596,3993,187,250001
"Census Tract 67.05, Arapahoe County, Colorado",1846,1602,80,250001
"Census Tract 67.06, Arapahoe County, Colorado",5003,3953,400,107202
"Census Tract 67.07, Arapahoe County, Colorado",4705,3702,382,102328
"Census Tract 67.08, Arapahoe County, Colorado",5155,4223,321,130150
"Census Tract 67.09, Arapahoe County, Colorado",5822,4555,378,138784
"Census Tract 67.11, Arapahoe County, Colorado",4315,3498,356,148640
"Census Tract 67.12, Arapahoe County, Colorado",1498,1301,53,163977
"Census Tract 68.54, Arapahoe County, Colorado",3194,1786,367,69077
"Census Tract 67.13, Arapahoe County, Colorado",1754,977,175,73427
"Census Tract 68.08, Arapahoe County, Colorado",5650,4417,279,172778
"Census Tract 68.15, Arapahoe County, Colorado",4617,2639,742,81980
"Census Tract 68.57, Arapahoe County, Colorado",2233,1762,105,172708
"Census Tract 68.59, Arapahoe County, Colorado",3561,2120,383,90945
"Census Tract 68.61, Arapahoe County, Colorado",4220,2827,269,163594
"Census Tract 68.62, Arapahoe County, Colorado",1810,1135,115,138636
"Census Tract 68.63, Arapahoe County, Colorado",6669,3581,1118,65652
"Census Tract 68.64, Arapahoe County, Colorado",3203,2076,300,96981
"Census Tract 71.01, Arapahoe County, Colorado",6272,4842,995,86029
"Census Tract 71.03, Arapahoe County, Colorado",1715,1226,341,120804
"Census Tract 71.06, Arapahoe County, Colorado",6492,3822,976,130445
"Census Tract 71.08, Arapahoe County, Colorado",3226,1767,672,81067
"Census Tract 71.09, Arapahoe County, Colorado",2355,1158,490,121734
"Census Tract 71.10, Arapahoe County, Colorado",7369,3551,1883,111797
"Census Tract 71.11, Arapahoe County, Colorado",1790,467,1229,54077
"Census Tract 71.12, Arapahoe County, Colorado",7916,4579,1188,147232
"Census Tract 71.13, Arapahoe County, Colorado",7952,5327,913,155224
"Census Tract 72.01, Arapahoe County, Colorado",3817,947,1847,44403
"Census Tract 72.02, Arapahoe County, Colorado",3899,894,2198,49395
"Census Tract 73.01, Arapahoe County, Colorado",3215,770,1300,49087
"Census Tract 73.02, Arapahoe County, Colorado",5365,785,2910,40743
"Census Tract 74, Arapahoe County, Colorado",5333,1222,3290,54423
"Census Tract 75, Arapahoe County, Colorado",2625,730,1401,52285
"Census Tract 76, Arapahoe County, Colorado",3584,863,1802,52368
"Census Tract 77.02, Arapahoe County, Colorado",4424,1379,1717,68641
"Census Tract 77.03, Arapahoe County, Colorado",4701,1353,1747,64536
"Census Tract 77.04, Arapahoe County, Colorado",4793,1214,1656,59192
"Census Tract 151, Arapahoe County, Colorado",2683,2164,221,130938
"Census Tract 800, Arapahoe County, Colorado",3780,1195,1370,49309
"Census Tract 801, Arapahoe County, Colorado",4632,1592,1393,43571
"Census Tract 802, Arapahoe County, Colorado",6104,2882,1278,86680
"Census Tract 803, Arapahoe County, Colorado",6162,3057,1070,82292
"Census Tract 804, Arapahoe County, Colorado",4996,2928,624,81908
"Census Tract 805, Arapahoe County, Colorado",3854,2133,507,54125
"Census Tract 806, Arapahoe County, Colorado",3674,1729,937,53278
"Census Tract 807, Arapahoe County, Colorado",5604,1992,1789,57961
"Census Tract 808, Arapahoe County, Colorado",3307,783,1549,63571
"Census Tract 809, Arapahoe County, Colorado",4396,1514,1866,77471
"Census Tract 810.01, Arapahoe County, Colorado",2026,598,529,46429
"Census Tract 810.02, Arapahoe County, Colorado",3686,817,1648,53214
"Census Tract 811.01, Arapahoe County, Colorado",3490,872,957,58730
"Census Tract 811.02, Arapahoe County, Colorado",2357,748,756,36864
"Census Tract 815, Arapahoe County, Colorado",3152,2739,118,37016
"Census Tract 812, Arapahoe County, Colorado",4849,1564,1301,54535
"Census Tract 813, Arapahoe County, Colorado",3412,988,1245,78068
"Census Tract 814, Arapahoe County, Colorado",5588,2820,1253,70625
"Census Tract 816, Arapahoe County, Colorado",5074,2818,1274,68531
"Census Tract 817, Arapahoe County, Colorado",2864,1875,287,151797
"Census Tract 818, Arapahoe County, Colorado",5533,836,3539,52463
"Census Tract 819, Arapahoe County, Colorado",7123,1777,3112,44438
"Census Tract 820, Arapahoe County, Colorado",4325,1106,1625,49713
"Census Tract 821, Arapahoe County, Colorado",7124,1915,2774,67939
"Census Tract 822, Arapahoe County, Colorado",6177,2312,1825,63894
"Census Tract 823, Arapahoe County, Colorado",3752,1456,1293,66123
"Census Tract 824, Arapahoe County, Colorado",4533,1933,1443,48199
"Census Tract 825, Arapahoe County, Colorado",2378,1243,622,79975
"Census Tract 826, Arapahoe County, Colorado",5968,1805,1947,59787
"Census Tract 827, Arapahoe County, Colorado",3586,1383,951,88906
"Census Tract 828, Arapahoe County, Colorado",5352,2284,1578,71094
"Census Tract 829, Arapahoe County, Colorado",5094,2225,1448,85703
"Census Tract 830, Arapahoe County, Colorado",4040,1932,709,109659
"Census Tract 831, Arapahoe County, Colorado",7649,2939,1658,75557
"Census Tract 832.01, Arapahoe County, Colorado",6292,3410,986,115096
"Census Tract 832.02, Arapahoe County, Colorado",3334,1832,597,118250
"Census Tract 833, Arapahoe County, Colorado",4705,2504,889,91675
"Census Tract 834, Arapahoe County, Colorado",7265,3794,1499,79313
"Census Tract 78.01, Adams County, Colorado",3936,598,1681,35565
"Census Tract 78.02, Adams County, Colorado",3893,488,2176,40516
"Census Tract 79, Adams County, Colorado",5490,1262,3006,47542
"Census Tract 80, Adams County, Colorado",6775,1880,3419,53555
"Census Tract 81, Adams County, Colorado",1378,783,180,51087
"Census Tract 82, Adams County, Colorado",6521,1488,3431,74851
"Census Tract 83.08, Adams County, Colorado",6714,1274,4081,42318
"Census Tract 83.09, Adams County, Colorado",4278,619,3163,57719
"Census Tract 83.54, Adams County, Colorado",4022,1052,1272,95163
"Census Tract 83.55, Adams County, Colorado",4820,1443,2479,60853
"Census Tract 84.01, Adams County, Colorado",5537,3848,1238,67096
"Census Tract 84.02, Adams County, Colorado",5325,4089,882,90893
"Census Tract 85.05, Adams County, Colorado",7126,3859,2703,77070
"Census Tract 85.06, Adams County, Colorado",6460,3250,2414,42619
"Census Tract 85.07, Adams County, Colorado",6290,3428,2274,89823
"Census Tract 85.08, Adams County, Colorado",5558,3189,1726,68333
"Census Tract 85.24, Adams County, Colorado",9374,5779,2132,123333
"Census Tract 85.26, Adams County, Colorado",7509,4993,1497,97636
"Census Tract 85.33, Adams County, Colorado",7706,3870,2779,72305
"Census Tract 85.34, Adams County, Colorado",4344,2332,1527,92714
"Census Tract 85.35, Adams County, Colorado",4389,1915,1935,94375
"Census Tract 85.36, Adams County, Colorado",4353,2394,1412,121210
"Census Tract 32.04, Denver County, Colorado",2159,1567,281,62188
"Census Tract 32.05, Denver County, Colorado",3196,2629,276,63523
"Census Tract 33, Denver County, Colorado",3329,2839,201,131250
"Census Tract 34.01, Denver County, Colorado",2998,2649,159,138147
"Census Tract 34.02, Denver County, Colorado",4860,4199,258,187065
"Census Tract 35.01, Denver County, Colorado",3238,438,2299,60119
"Census Tract 35.02, Denver County, Colorado",2727,337,2246,47248
"Census Tract 36.01, Denver County, Colorado",4236,1813,1718,66364
"Census Tract 36.02, Denver County, Colorado",4337,1427,1726,55262
"Census Tract 36.03, Denver County, Colorado",3583,1798,573,67216
"Census Tract 37.01, Denver County, Colorado",3746,2809,374,78994
"Census Tract 37.02, Denver County, Colorado",4759,3660,472,59593
"Census Tract 37.03, Denver County, Colorado",3276,2516,318,57527
"Census Tract 38.01, Denver County, Colorado",3666,3075,252,85500
"Census Tract 38.02, Denver County, Colorado",3970,3242,318,172778
"Census Tract 39.01, Denver County, Colorado",5266,4435,380,113098
"Census Tract 39.02, Denver County, Colorado",4606,3749,398,138750
"Census Tract 85.45, Adams County, Colorado",6731,4672,1225,118659
"Census Tract 85.38, Adams County, Colorado",11712,6562,3284,128555
"Census Tract 85.40, Adams County, Colorado",10376,6188,2458,111307
"Census Tract 85.44, Adams County, Colorado",6242,3998,1136,124526
"Census Tract 85.46, Adams County, Colorado",3517,2065,1022,84107
"Census Tract 85.47, Adams County, Colorado",3468,1961,1112,92228
"Census Tract 85.48, Adams County, Colorado",1713,944,439,99242
"Census Tract 85.49, Adams County, Colorado",4581,2545,1422,101809
"Census Tract 85.50, Adams County, Colorado",8319,4818,2495,90104
"Census Tract 85.51, Adams County, Colorado",1788,1091,441,150884
"Census Tract 85.52, Adams County, Colorado",5185,2697,2024,82844
"Census Tract 85.53, Adams County, Colorado",5596,3637,1453,131611
"Census Tract 85.54, Adams County, Colorado",2507,1656,592,81712
"Census Tract 85.55, Adams County, Colorado",5848,3334,1725,61685
"Census Tract 85.56, Adams County, Colorado",6076,3022,2415,84949
"Census Tract 85.57, Adams County, Colorado",852,462,315,124219
"Census Tract 85.58, Adams County, Colorado",4220,1990,1668,124156
"Census Tract 85.59, Adams County, Colorado",8672,3692,3644,87223
"Census Tract 85.60, Adams County, Colorado",2203,1713,300,164138
"Census Tract 85.61, Adams County, Colorado",4824,3838,600,125417
"Census Tract 85.62, Adams County, Colorado",5787,3513,1671,100625
"Census Tract 85.63, Adams County, Colorado",4429,2685,1367,103819
"Census Tract 85.64, Adams County, Colorado",1192,715,397,63676
"Census Tract 85.65, Adams County, Colorado",7013,3685,2884,65000
"Census Tract 86.03, Adams County, Colorado",2118,597,1356,36087
"Census Tract 86.04, Adams County, Colorado",4551,1789,2416,71537
"Census Tract 86.05, Adams County, Colorado",4103,2076,1714,75125
"Census Tract 86.06, Adams County, Colorado",6101,2408,3273,59163
"Census Tract 87.05, Adams County, Colorado",5399,1270,3840,45383
"Census Tract 87.06, Adams County, Colorado",5572,1173,4072,42841
"Census Tract 87.09, Adams County, Colorado",8139,1664,5831,42046
"Census Tract 88.01, Adams County, Colorado",5138,1193,3700,53466
"Census Tract 88.02, Adams County, Colorado",4375,1080,3086,56250
"Census Tract 89.01, Adams County, Colorado",2478,638,1721,72375
"Census Tract 90.01, Adams County, Colorado",4770,1587,2644,54563
"Census Tract 90.03, Adams County, Colorado",4405,1386,2640,73180
"Census Tract 90.04, Adams County, Colorado",5040,1636,3007,63679
"Census Tract 91.01, Adams County, Colorado",4220,1451,2467,72285
"Census Tract 91.03, Adams County, Colorado",4383,996,3182,53320
"Census Tract 91.04, Adams County, Colorado",6470,2290,3485,61092
"Census Tract 92.02, Adams County, Colorado",4386,1557,2479,57823
"Census Tract 92.03, Adams County, Colorado",4594,1264,2706,57917
"Census Tract 92.04, Adams County, Colorado",6918,2852,2829,68908
"Census Tract 92.06, Adams County, Colorado",2630,1190,982,73571
"Census Tract 92.07, Adams County, Colorado",4560,1615,2535,74375
"Census Tract 93.04, Adams County, Colorado",5809,2730,2415,56841
"Census Tract 40.05, Denver County, Colorado",3751,2797,423,61151
"Census Tract 40.02, Denver County, Colorado",3448,3001,162,131354
"Census Tract 40.03, Denver County, Colorado",4408,3416,521,95893
"Census Tract 40.04, Denver County, Colorado",1968,1563,177,78000
"Census Tract 40.06, Denver County, Colorado",5373,4286,379,63654
"Census Tract 41.01, Denver County, Colorado",4802,1421,1274,53830
"Census Tract 41.02, Denver County, Colorado",4081,1188,1130,62500
"Census Tract 41.03, Denver County, Colorado",5494,3502,562,137904
"Census Tract 41.04, Denver County, Colorado",4519,2205,734,115295
"Census Tract 41.08, Denver County, Colorado",7604,5651,718,153833
"Census Tract 41.09, Denver County, Colorado",3284,2154,426,126400
"Census Tract 41.10, Denver County, Colorado",5541,3515,869,141875
"Census Tract 41.11, Denver County, Colorado",6848,4396,947,161081
"Census Tract 41.12, Denver County, Colorado",6127,4236,756,90931
"Census Tract 41.13, Denver County, Colorado",1756,1289,207,136875
"Census Tract 42.01, Denver County, Colorado",4906,3982,357,139432
"Census Tract 42.02, Denver County, Colorado",4467,3211,476,126949
"Census Tract 43.02, Denver County, Colorado",2699,2137,275,93456
"Census Tract 43.03, Denver County, Colorado",4341,3741,194,193542
"Census Tract 43.06, Denver County, Colorado",6092,4408,701,119211
"Census Tract 43.07, Denver County, Colorado",1988,1376,292,52097
"Census Tract 43.08, Denver County, Colorado",4132,2941,551,60021
"Census Tract 43.09, Denver County, Colorado",3633,2798,348,89311
"Census Tract 43.10, Denver County, Colorado",2347,1821,224,127706
"Census Tract 44.03, Denver County, Colorado",4274,1968,1356,71468
"Census Tract 44.04, Denver County, Colorado",5887,1792,1394,54231
"Census Tract 44.06, Denver County, Colorado",3965,2729,452,103438
"Census Tract 44.07, Denver County, Colorado",4941,3053,734,84456
"Census Tract 45.03, Denver County, Colorado",4303,519,3419,40663
"Census Tract 93.09, Adams County, Colorado",3782,1504,1672,53363
"Census Tract 93.06, Adams County, Colorado",3863,1311,2263,61195
"Census Tract 93.07, Adams County, Colorado",3828,1208,2335,77083
"Census Tract 93.08, Adams County, Colorado",4372,1243,2893,64262
"Census Tract 93.10, Adams County, Colorado",6201,1793,3857,68611
"Census Tract 93.16, Adams County, Colorado",8150,2157,5706,49511
"Census Tract 93.18, Adams County, Colorado",6414,1673,4080,39209
"Census Tract 93.19, Adams County, Colorado",3026,787,2076,40080
"Census Tract 93.20, Adams County, Colorado",3202,1016,1801,42064
"Census Tract 93.21, Adams County, Colorado",4383,1507,2467,59333
"Census Tract 93.22, Adams County, Colorado",5241,1675,2957,58397
"Census Tract 93.23, Adams County, Colorado",3704,1738,1423,61689
"Census Tract 93.25, Adams County, Colorado",5721,3971,986,71949
"Census Tract 93.26, Adams County, Colorado",2619,1866,393,83708
"Census Tract 93.27, Adams County, Colorado",4248,2434,1349,81094
"Census Tract 94.01, Adams County, Colorado",5060,2448,2105,79042
"Census Tract 94.06, Adams County, Colorado",4493,2510,1461,75597
"Census Tract 94.07, Adams County, Colorado",5352,2541,2183,67368
"Census Tract 94.08, Adams County, Colorado",4802,3509,514,109688
"Census Tract 94.09, Adams County, Colorado",5807,4362,721,113385
"Census Tract 94.10, Adams County, Colorado",3381,2596,445,121570
"Census Tract 94.11, Adams County, Colorado",3014,2064,648,98973
"Census Tract 95.01, Adams County, Colorado",3215,1072,1841,57679
"Census Tract 95.02, Adams County, Colorado",5764,2214,3036,84450
"Census Tract 1.02, Denver County, Colorado",3622,2668,669,106339
"Census Tract 2.01, Denver County, Colorado",3913,1669,2055,65730
"Census Tract 3.03, Denver County, Colorado",5479,4360,676,77442
"Census Tract 2.02, Denver County, Colorado",4042,1809,1741,69643
"Census Tract 3.01, Denver County, Colorado",5779,4451,906,100232
"Census Tract 3.02, Denver County, Colorado",4412,3372,665,92113
"Census Tract 4.01, Denver County, Colorado",3174,2011,910,98477
"Census Tract 4.03, Denver County, Colorado",3682,2644,772,105278
"Census Tract 4.04, Denver County, Colorado",2956,2269,361,88208
"Census Tract 5.01, Denver County, Colorado",2014,1552,294,126667
"Census Tract 5.03, Denver County, Colorado",2269,1285,656,38361
"Census Tract 5.04, Denver County, Colorado",3648,2582,651,103153
"Census Tract 6, Denver County, Colorado",4742,3385,879,89485
"Census Tract 7.03, Denver County, Colorado",2603,1591,724,38500
"Census Tract 7.04, Denver County, Colorado",2715,1410,1007,90528
"Census Tract 7.05, Denver County, Colorado",3134,1407,1171,76164
"Census Tract 7.06, Denver County, Colorado",2872,1291,1072,72250
"Census Tract 8, Denver County, Colorado",1127,149,501,20492
"Census Tract 9.02, Denver County, Colorado",5345,1351,3658,52538
"Census Tract 9.03, Denver County, Colorado",5780,1406,3998,51422
"Census Tract 9.04, Denver County, Colorado",4711,1134,3161,33932
"Census Tract 9.05, Denver County, Colorado",3269,1034,2069,63696
"Census Tract 11.01, Denver County, Colorado",2743,1272,1119,59698
"Census Tract 11.02, Denver County, Colorado",5274,3940,791,96175
"Census Tract 13.01, Denver County, Colorado",4834,1249,3048,58190
"Census Tract 13.02, Denver County, Colorado",3759,1065,2399,51912
"Census Tract 14.01, Denver County, Colorado",5935,1309,3857,40163
"Census Tract 14.02, Denver County, Colorado",4048,988,2492,56250
"Census Tract 14.03, Denver County, Colorado",3374,2213,753,66155
"Census Tract 15, Denver County, Colorado",4580,1616,2336,53668
"Census Tract 16.01, Denver County, Colorado",2995,1984,567,118264
"Census Tract 16.02, Denver County, Colorado",5167,3920,619,104545
"Census Tract 16.03, Denver County, Colorado",6613,4313,1156,64763
"Census Tract 17.03, Denver County, Colorado",3487,2901,263,96711
"Census Tract 17.04, Denver County, Colorado",2383,1668,235,80537
"Census Tract 17.05, Denver County, Colorado",4401,3434,380,117902
"Census Tract 17.06, Denver County, Colorado",2449,1669,332,74004
"Census Tract 17.07, Denver County, Colorado",2478,1763,338,108500
"Census Tract 18, Denver County, Colorado",3306,1876,929,51738
"Census Tract 19.01, Denver County, Colorado",3903,1445,1474,48554
"Census Tract 20, Denver County, Colorado",4053,2700,625,107604
"Census Tract 21.01, Denver County, Colorado",3078,2058,668,107768
"Census Tract 21.02, Denver County, Colorado",3114,2241,422,71320
"Census Tract 23, Denver County, Colorado",4975,2778,907,102250
"Census Tract 24.02, Denver County, Colorado",1971,1162,381,88269
"Census Tract 24.04, Denver County, Colorado",1415,790,304,54122
"Census Tract 24.05, Denver County, Colorado",4526,2441,823,83114
"Census Tract 27.04, Denver County, Colorado",2423,1670,409,43342
"Census Tract 26.02, Denver County, Colorado",2835,2077,343,85227
"Census Tract 26.03, Denver County, Colorado",3250,2353,412,90208
"Census Tract 26.04, Denver County, Colorado",2097,1304,311,33869
"Census Tract 27.05, Denver County, Colorado",2675,1992,357,54327
"Census Tract 27.06, Denver County, Colorado",3286,2516,356,73003
"Census Tract 27.07, Denver County, Colorado",2996,2385,308,85263
"Census Tract 27.08, Denver County, Colorado",3011,2196,408,49700
"Census Tract 27.09, Denver County, Colorado",2284,1741,252,58434
"Census Tract 28.01, Denver County, Colorado",3217,2574,327,71771
"Census Tract 28.02, Denver County, Colorado",4708,3627,578,59202
"Census Tract 28.04, Denver County, Colorado",2209,1833,193,71263
"Census Tract 28.05, Denver County, Colorado",3784,3092,290,80196
"Census Tract 29.01, Denver County, Colorado",3839,3155,318,75598
"Census Tract 29.02, Denver County, Colorado",4211,3632,279,124096
"Census Tract 30.02, Denver County, Colorado",2749,2224,285,100417
"Census Tract 30.03, Denver County, Colorado",3188,2425,304,68864
"Census Tract 30.04, Denver County, Colorado",6308,4896,536,111616
"Census Tract 30.05, Denver County, Colorado",3144,2604,243,120313
"Census Tract 30.06, Denver County, Colorado",3644,3068,248,102024
"Census Tract 31.01, Denver County, Colorado",1701,1137,207,78897
"Census Tract 31.02, Denver County, Colorado",4082,2719,564,50250
"Census Tract 32.02, Denver County, Colorado",3429,2768,274,67684
"Census Tract 32.03, Denver County, Colorado",3100,2753,168,233158
"Census Tract 835, Arapahoe County, Colorado",5541,2244,1450,73382
"Census Tract 836, Arapahoe County, Colorado",3692,2065,746,65202
"Census Tract 837, Arapahoe County, Colorado",4399,2993,407,100551
"Census Tract 838, Arapahoe County, Colorado",3102,1602,501,82961
"Census Tract 839, Arapahoe County, Colorado",3220,1936,482,58906
"Census Tract 840, Arapahoe County, Colorado",2454,1386,580,87457
"Census Tract 841, Arapahoe County, Colorado",4713,2441,946,66789
"Census Tract 842, Arapahoe County, Colorado",3835,1959,1069,81304
"Census Tract 843, Arapahoe County, Colorado",3636,1874,825,88967
"Census Tract 844, Arapahoe County, Colorado",3213,1537,912,85882
"Census Tract 845, Arapahoe County, Colorado",2914,1438,751,63199
"Census Tract 846, Arapahoe County, Colorado",5508,3120,1129,72630
"Census Tract 847, Arapahoe County, Colorado",4940,2825,1018,87538
"Census Tract 848, Arapahoe County, Colorado",3519,2215,550,94611
"Census Tract 849, Arapahoe County, Colorado",3243,2217,252,153977
"Census Tract 850, Arapahoe County, Colorado",2704,1440,430,98883
"Census Tract 851, Arapahoe County, Colorado",6770,3981,599,178454
"Census Tract 852, Arapahoe County, Colorado",3131,2237,233,150625
"Census Tract 853, Arapahoe County, Colorado",2576,1521,311,101548
"Census Tract 854, Arapahoe County, Colorado",4444,2886,557,134338
"Census Tract 855, Arapahoe County, Colorado",5286,3637,588,113821
"Census Tract 856, Arapahoe County, Colorado",3257,2192,354,147578
"Census Tract 860.01, Arapahoe County, Colorado",4012,2375,652,118629
"Census Tract 857, Arapahoe County, Colorado",4878,2614,1239,73099
"Census Tract 858, Arapahoe County, Colorado",1712,1013,325,94115
"Census Tract 859, Arapahoe County, Colorado",9218,4622,1504,115960
"Census Tract 860.02, Arapahoe County, Colorado",3850,2119,671,74902
"Census Tract 861, Arapahoe County, Colorado",4986,3055,840,100576
"Census Tract 862, Arapahoe County, Colorado",6484,3977,895,125417
"Census Tract 863, Arapahoe County, Colorado",4468,2556,656,83415
"Census Tract 864, Arapahoe County, Colorado",2018,1644,120,192857
"Census Tract 865, Arapahoe County, Colorado",5351,3316,620,85319
"Census Tract 866, Arapahoe County, Colorado",6842,5092,617,91104
"Census Tract 867, Arapahoe County, Colorado",6707,4638,715,166293
"Census Tract 868.01, Arapahoe County, Colorado",4342,1909,709,62516
"Census Tract 868.02, Arapahoe County, Colorado",2909,1226,392,77117
"Census Tract 869, Arapahoe County, Colorado",3251,1157,613,56321
"Census Tract 870, Arapahoe County, Colorado",5117,1876,1288,63651
"Census Tract 871, Arapahoe County, Colorado",2589,1215,532,53260
"Census Tract 872, Arapahoe County, Colorado",4739,2618,708,70341
"Census Tract 873.01, Arapahoe County, Colorado",4977,1955,1421,58551
"Census Tract 873.02, Arapahoe County, Colorado",2654,1409,618,64432
"Census Tract 98.06, Jefferson County, Colorado",4266,3644,259,110833
"Census Tract 98.07, Jefferson County, Colorado",1727,1391,190,74878
"Census Tract 98.15, Jefferson County, Colorado",5182,4253,502,150139
"Census Tract 98.23, Jefferson County, Colorado",4495,3464,622,107326
"Census Tract 98.24, Jefferson County, Colorado",5044,3794,676,81250
"Census Tract 98.27, Jefferson County, Colorado",6305,4515,891,79833
"Census Tract 98.28, Jefferson County, Colorado",5315,4178,639,77132
"Census Tract 98.29, Jefferson County, Colorado",1780,1382,212,102449
"Census Tract 98.30, Jefferson County, Colorado",2155,1577,361,84375
"Census Tract 98.31, Jefferson County, Colorado",2768,1709,644,60606
"Census Tract 98.32, Jefferson County, Colorado",2567,1730,569,82321
"Census Tract 98.33, Jefferson County, Colorado",5601,3943,1155,77500
"Census Tract 98.34, Jefferson County, Colorado",4499,3315,773,71846
"Census Tract 98.35, Jefferson County, Colorado",3584,3024,325,118790
"Census Tract 98.40, Jefferson County, Colorado",3705,3071,371,73851
"Census Tract 98.37, Jefferson County, Colorado",7944,6557,749,150966
"Census Tract 98.38, Jefferson County, Colorado",5428,4563,376,136549
"Census Tract 98.39, Jefferson County, Colorado",2353,1974,235,110089
"Census Tract 98.41, Jefferson County, Colorado",2337,1890,289,108125
"Census Tract 98.42, Jefferson County, Colorado",3434,2875,261,116773
"Census Tract 98.45, Jefferson County, Colorado",4014,3584,166,158606
"Census Tract 98.46, Jefferson County, Colorado",5060,4510,227,138996
"Census Tract 98.47, Jefferson County, Colorado",3323,2977,159,130364
"Census Tract 98.48, Jefferson County, Colorado",2614,2383,87,128051
"Census Tract 98.50, Jefferson County, Colorado",2633,2328,114,154844
"Census Tract 98.51, Jefferson County, Colorado",3958,3329,333,131167
"Census Tract 98.52, Jefferson County, Colorado",4524,3908,312,124888
"Census Tract 98.53, Jefferson County, Colorado",2758,2340,152,120000
"Census Tract 98.54, Jefferson County, Colorado",5599,4881,315,122151
"Census Tract 98.55, Jefferson County, Colorado",3430,2807,208,137905
"Census Tract 98.56, Jefferson County, Colorado",2983,2160,554,64200
"Census Tract 98.57, Jefferson County, Colorado",2946,2445,196,77685
"Census Tract 98.58, Jefferson County, Colorado",3358,2921,180,92381
"Census Tract 99.01, Jefferson County, Colorado",3121,2588,205,83750
"Census Tract 100.01, Jefferson County, Colorado",4096,3016,589,73214
"Census Tract 101, Jefferson County, Colorado",4736,3588,656,78828
"Census Tract 102.05, Jefferson County, Colorado",2572,2212,192,117331
"Census Tract 102.06, Jefferson County, Colorado",4053,3178,604,99712
"Census Tract 102.08, Jefferson County, Colorado",5804,3968,1249,81809
"Census Tract 102.09, Jefferson County, Colorado",6637,4361,1520,65646
"Census Tract 102.10, Jefferson County, Colorado",3739,2870,565,102150
"Census Tract 102.11, Jefferson County, Colorado",3214,2279,622,74150
"Census Tract 102.12, Jefferson County, Colorado",4512,3095,986,81845
"Census Tract 102.13, Jefferson County, Colorado",4751,3151,1231,59837
"Census Tract 103.03, Jefferson County, Colorado",5634,4605,576,83192
"Census Tract 103.04, Jefferson County, Colorado",2764,2189,349,71394
"Census Tract 103.05, Jefferson County, Colorado",3565,2608,636,77632
"Census Tract 103.06, Jefferson County, Colorado",2714,2091,362,78304
"Census Tract 103.07, Jefferson County, Colorado",4656,3392,882,63688
"Census Tract 103.08, Jefferson County, Colorado",6507,5201,793,98403
"Census Tract 104.02, Jefferson County, Colorado",6187,4012,1537,62646
"Census Tract 104.03, Jefferson County, Colorado",5434,3464,1394,60000
"Census Tract 104.05, Jefferson County, Colorado",2715,1867,571,55655
"Census Tract 104.06, Jefferson County, Colorado",3080,1505,1362,53584
"Census Tract 98.36, Jefferson County, Colorado",4106,3433,406,128975
"Census Tract 105.02, Jefferson County, Colorado",5436,3891,1089,74018
"Census Tract 105.03, Jefferson County, Colorado",4806,3659,725,67056
"Census Tract 105.04, Jefferson County, Colorado",3003,2556,248,131944
"Census Tract 106.03, Jefferson County, Colorado",3607,2477,794,63400
